First Name,Last Name,Age,Height,Weight,Gender Identity,Handedness,Email Address,Cell Phone Number,Preferred Language
Coen,Needell,23,66,140,male,right,mkramer1@uchicago.edu,7733185225,en
Leon ,Zhou,19,73,140,male,right,mkramer1@uchicago.edu,7733185225,es
Trent,Davis,20,59,125,male,right,mkramer1@uchicago.edu,7733185225,fr
Coen,Needell,23,66,140,male,right,mkramer1@uchicago.edu,7733185225,en
Leon ,Zhou,19,73,140,male,right,mkramer1@uchicago.edu,7733185225,es
Trent,Davis,20,59,125,male,right,mkramer1@uchicago.edu,7733185225,fr
Coen,Needell,23,66,140,male,right,mkramer1@uchicago.edu,7733185225,en
Leon ,Zhou,19,73,140,male,right,mkramer1@uchicago.edu,7733185225,es
Trent,Davis,20,59,125,male,right,mkramer1@uchicago.edu,7733185225,fr
